SegmentID,NodeID1,NodeID2,d,Et1,Et2,Et3,Eb1,Eb2,Eb3
1,1,2,12,0,0,799.0240904,0,0,799.0240904
