SegmentID,NodeID1,NodeID2,d,Et1,Et2,Et3,Eb1,Eb2,Eb3
1,1,2,1.6,0,0,2709.237005,0,0,2709.237005
